{"cameraMode":{"drawMode":0,"name":"Shaded","section":"Shading Mode"},"sceneLighting":true,"audioPlay":false,"sceneViewState":{"showFog":true,"showMaterialUpdate":false,"showSkybox":true,"showFlares":true,"showImageEffects":true,"showParticleSystems":true},"in2DMode":false,"pivot":{"x":46.80699920654297,"y":2.482028007507324,"z":88.58076477050781},"rotation":{"x":-0.05272889882326126,"y":-0.04130425676703453,"z":0.002212163992226124,"w":-0.9977518916130066},"size":23.5728702545166,"orthographic":false}