{"cameraMode":{"drawMode":0,"name":"Shaded","section":"Shading Mode"},"sceneLighting":true,"audioPlay":false,"sceneViewState":{"showFog":true,"showMaterialUpdate":false,"showSkybox":true,"showFlares":true,"showImageEffects":true,"showParticleSystems":true},"in2DMode":false,"pivot":{"x":3.9793434143066408,"y":-2.369040012359619,"z":79.42121124267578},"rotation":{"x":0.12565982341766358,"y":-0.6117650270462036,"z":0.0992131233215332,"w":0.7746675610542297},"size":52.264408111572269,"orthographic":false}