{"cameraMode":{"drawMode":0,"name":"Shaded","section":"Shading Mode"},"sceneLighting":false,"audioPlay":false,"sceneViewState":{"showFog":true,"showMaterialUpdate":false,"showSkybox":true,"showFlares":true,"showImageEffects":true,"showParticleSystems":true},"in2DMode":false,"pivot":{"x":1.9274976253509522,"y":1.8453190326690674,"z":1.2112209796905518},"rotation":{"x":-0.1789269745349884,"y":-0.03482332453131676,"z":0.006338529754430056,"w":-0.9832254648208618},"size":5.875465393066406,"orthographic":false}