{"cameraMode":{"drawMode":0,"name":"Shaded","section":"Shading Mode"},"sceneLighting":true,"audioPlay":false,"sceneViewState":{"showFog":true,"showMaterialUpdate":false,"showSkybox":true,"showFlares":true,"showImageEffects":true,"showParticleSystems":true},"in2DMode":false,"pivot":{"x":-2.117121696472168,"y":0.12206315994262696,"z":2.8207221031188967},"rotation":{"x":-0.11336388438940048,"y":0.839913547039032,"z":-0.19250954687595368,"w":-0.4946049153804779},"size":18.364547729492189,"orthographic":false}