{"cameraMode":{"drawMode":0,"name":"Shaded","section":"Shading Mode"},"sceneLighting":true,"audioPlay":false,"sceneViewState":{"showFog":true,"showMaterialUpdate":false,"showSkybox":true,"showFlares":true,"showImageEffects":true,"showParticleSystems":true},"in2DMode":false,"pivot":{"x":0.0,"y":16.15531349182129,"z":-38.78784942626953},"rotation":{"x":-0.30982309579849245,"y":0.003976432606577873,"z":-0.0012942369794473053,"w":-0.9507849812507629},"size":0.3034377694129944,"orthographic":false}